gram	count
aps	382
aalborg	137
restaurant	58
holding	48
hobro	48
thisted	44
cafe	41
nielsen	32
nielsens	32
pizza	30
jensens	29
jensen	29
frederikshavner	28
frederikshavn	28
ejerforeningen	28
hjorring	27
hotels	27
hotel	27
skagen	27
andelsboligforeningen	26
bank	26
saeby	24
morso	22
tandlaege	22
hadsund	21
hadsunds	21
andersen	21
service	21
klinik	20
den	19
sorensen	18
sorensens	18
aars	17
hansen	17
kommunes	16
kommune	16
larsens	16
larsen	16
pedersen	16
invest	16
lokken	16
nordjyske	16
nordjysk	16
hus	16
ivs	16
danske	15
dansk	15
frisor	15
danmark	15
nord	15
stovring	14
hirtshals	14
hurup	14
psykolog	14
kirk	13
kirkes	13
kirke	13
moller	13
mollers	13
aabybro	13
jens	13
strand	13
matas	12
spar	12
bronderslev	12
mor	12
mors	12
thi	12
thy	12
ejendomsselskabet	11
grill	11
henrik	11
butik	11
byg	10
venner	10
martin	10
nibe	10
laege	10
fodterapi	10
erik	10
fysioterapi	10
christensen	10
kaffe	10
udlejer	9
guld	9
preben	9
himmerlands	9
himmerland	9
friis	9
wind	9
salon	9
udlejning	9
rengoring	9
jutlander	9
jutland	9
lonstrup	9
skole	9
skoles	9
bornehaven	9
kristensens	9
kristensen	9
gjol	9
peter	9
ved	9
morten	9
louise	9
lars	9
ole	8
solv	8
menighedsrad	8
fashion	8
kro	8
afdeling	8
poul	8
soren	8
apotek	8
jorgen	8
auto	8
gitte	8
nykobing	8
clubs	8
club	8
housing	8
house	8
bar	8
det	8
ure	7
biersted	7
partners	7
partnere	7
partner	7
vejgaard	7
kors	7
group	7
brdr	7
hans	7
lene	7
norresundby	7
nordjylland	7
camping	7
design	7
johns	7
john	7
jakobsen	7
anders	7
byens	7
mariagerfjord	7
vendsyssel	7
global	7
universitet	7
helle	7
erhverv	7
ejendomme	7
center	7
sandwich	7
fakta	6
speciallaegeselskabet	6
idraetsforening	6
idraetsforenings	6
bach	6
entreprenorer	6
entreprenor	6
fonden	6
sportigan	6
kebab	6
tage	6
tages	6
kristian	6
radgivning	6
radgivnings	6
jan	6
oster	6
bolig	6
niels	6
frisoren	6
imerco	6
vandvaerk	6
thomsen	6
dam	6
svenstrup	6
optik	6
systems	6
limfjordens	6
limfjorden	6
madsen	6
forlaget	6
bente	6
bent	6
stores	6
store	6
rode	6
kirsten	6
advokat	6
advokater	6
grundejerforeningen	6
sondergaard	6
photocare	6
budolfi	6
burgers	6
burger	6
shoes	6
hjallerup	5
landmaend	5
deres	5
klip	5
arkitekter	5
tandlaegerne	5
klub	5
vognmand	5
automobiler	5
hornum	5
boligforening	5
sushi	5
pizzeria	5
storcenter	5
huset	5
psykologklinikken	5
skalborg	5
revision	5
mio	5
international	5
bryghus	5
pizzaria	5
bella	5
borsen	5
kjeldsen	5
biler	5
fitness	5
skoringen	5
lokalhistoriske	5
lokalhistorisk	5
pub	5
city	5
hasseris	5
hanstholm	5
bundgaard	5
theforretningen	5
kronen	5
kfum	5
rema	5
ejendommen	5
data	5
olesen	5
vesthimmerland	5
vesthimmerlands	5
spiret	5
laegerne	5
christian	5
revisionsfirmaet	5
vester	5
sol	5
power	5
kroen	5
rasmussen	5
ukendt	5
bruger	5
foreningen	5
bogo	5
advokatfirmaet	5
nadia	5
nadias	5
calum	5
holst	5
galleri	5
art	5
finans	5
jacob	5
jacobs	5
nordkraft	5
sociale	5
social	5
salg	5
hos	5
afd	4
transport	4
gade	4
vesterbro	4
pandekagehuset	4
kunst	4
danbolig	4
farso	4
boligselskab	4
skjold	4
burne	4
production	4
product	4
products	4
scandinavian	4
logstor	4
hals	4
pigen	4
trompeten	4
ruth	4
ruths	4
kop	4
kande	4
kim	4
din	4
taxavognmand	4
landmand	4
mads	4
mad	4
jespersen	4
bilhuset	4
radio	4
konkurs	4
laurits	4
gymnasiums	4
gymnasium	4
elin	4
home	4
juul	4
ove	4
vangsgaard	4
express	4
dore	4
doring	4
lund	4
lunde	4
forening	4
byplanvejens	4
elso	4
tattoo	4
world	4
andelsboligforening	4
urban	4
foods	4
food	4
fond	4
sogne	4
sogns	4
vestergaard	4
arkiv	4
marked	4
mark	4
boulevard	4
bak	4
poulsen	4
gruppen	4
phonix	4
superbrugsen	4
bech	4
selvejende	4
profil	4
heidis	4
heidi	4
antenneforening	4
tvangsoplosning	4
egon	4
bisgaard	4
tankstation	4
dagli	4
dags	4
sindal	4
forsamlingshus	4
begravelsesforretning	4
crazy	4
daisy	4
behandlingscenter	4
nordenfjord	4
klochs	4
spisested	4
sahva	4
camillaf	4
eftf	4
unokaffebar	4
solutions	4
edc	4
osterbro	4
ltd	4
grundejerforening	4
steen	4
marketing	4
park	4
parking	4
compute	4
computer	4
bonta	4
aeldre	4
projektering	4
projekt	4
torvets	4
torvet	4
ostergaard	4
ane	4
damso	4
empire	4
wellness	4
intersport	4
consult	4
lingeri	4
brix	4
azzurra	4
jysk	4
jyske	4
britta	4
expert	4
media	4
yde	4
jacobsen	4
sogaards	4
marie	4
synoptik	4
tom	4
toms	4
laursen	4
michael	4
brondum	4
johansen	4
sct	4
form	4
lundtoft	4
antikvariat	3
autolakering	3
stotteforeningen	3
borgerservice	3
sprogcenter	3
smykker	3
brugsforening	3
hobrovej	3
uden	3
rammer	3
kristjansen	3
kiropraktisk	3
chiropractic	3
clinic	3
tversted	3
vinhandel	3
dorthe	3
buus	3
meat	3
faergegrillen	3
papir	3
drive	3
restaurationsselskabet	3
forsikring	3
dissing	3
helsam	3
nytorv	3
rideklub	3
vcharlotte	3
binderup	3
oluf	3
knud	3
vjan	3
jin	3
shing	3
son	3
runebo	3
slagtehus	3
vestergade	3
activ	3
charlotte	3
havn	3
selskabet	3
jorgensen	3
italia	3
henriksen	3
bang	3
telia	3
hunkemoller	3
stride	3
daek	3
autoservice	3
irma	3
pernille	3
ostergade	3
ostergades	3
dentists	3
dentist	3
vaerktojs	3
vaerktoj	3
anja	3
fort	3
indian	3
konfektion	3
sole	3
lisbeth	3
antik	3
bradstedlund	3
munch	3
fjernvarme	3
amba	3
dus	3
torv	3
alle	3
sparekassen	3
karl	3
haldrup	3
gammel	3
church	3
syd	3
musik	3
aarhus	3
bofaellesskabet	3
bio	3
bornehave	3
lodsgade	3
bageri	3
alarm	3
antenne	3
bjarne	3
industri	3
pilgaard	3
foldens	3
solo	3
marielyst	3
strandpark	3
inspiration	3
nordea	3
gra	3
gardejer	3
jette	3
danish	3
vra	3
cafeministeriet	3
hadsundvej	3
bymidte	3
energy	3
energi	3
simonsen	3
shell	3
handels	3
handel	3
hytten	3
tagdaekning	3
lena	3
vodskov	3
omegn	3
omegns	3
brugsen	3
kreta	3
sven	3
svens	3
finn	3
birthe	3
birthes	3
nordcad	3
susanne	3
legeland	3
geysir	3
heste	3
slagteren	3
vjens	3
riverside	3
tourist	3
asx	3
helnan	3
molhoj	3
ela	3
privat	3
private	3
edutasia	3
snedsted	3
rask	3
andreas	3
pakhuset	3
fiskeriforening	3
super	3
postbutik	3
centrum	3
marcus	3
nordvest	3
kunsthandvaerk	3
arnold	3
busck	3
mobile	3
mobil	3
gmbh	3
verik	3
fisker	3
inger	3
trin	3
boulevarden	3
telenor	3
love	3
museum	3
thai	3
thais	3
sostrene	3
grene	3
marianne	3
ak83	3
architects	3
hereford	3
beefstouw	3
blomster	3
godt	3
smil	3
cykler	3
per	3
kjaer	3
company	3
companys	3
thiele	3
red	3
genbrugsbutik	3
goddag	3
harbo	3
hong	3
prodamp	3
fysioterapeuterne	3
mammas	3
ejerlavet	3
psychologist	3
leasing	3
mette	3
myginddata	3
polsevogn	3
dragon	3
dragons	3
otto	3
ottos	3
sport	3
flemming	3
klubben	3
kids	3
tojeksperten	3
gamle	3
carre	3
maria	3
marias	3
eliksirshope	3
photography	3
bruno	3
lange	3
cut	3
bones	3
fysioterapeuter	3
fysioterapeut	3
price	3
arkaden	3
arkadens	3
studio	3
anne	3
gronkjaer	3
tandteknik	3
tandtekniker	3
vcarina	3
locanda	3
forenede	3
academy	3
kaufmann	3
cafeen	3
havanna	3
alborg	3
nybolig	3
stof	3
nguyen	3
institution	3
dronninglund	3
tango	3
fredso	3
speciallaege	3
labtech	3
ingelise	3
ars	3
karma	3
denmark	3
air	3
froslev	3
elforretning	3
aldi	3
lille	3
catharinae	3
til	3
brandt	3
scanning	2
scan	2
akupunktur	2
coach	2
coaching	2
dance	2
gottrup	2
fiber	2
pascal	2
bonvin	2
herluf	2
haubro	2
kontor	2
ejnar	2
kastaniegardens	2
internet	2
posthuset	2
torben	2
frolich	2
a2b	2
vigso	2
feriecenter	2
kulturhus	2
understottelsesforeningen	2
jydske	2
efterladte	2
biltema	2
modrehjaelpen	2
point	2
fregatten	2
aas	2
maadanske	2
ark	2
tiff	2
bla	2
genbrug	2
mobler	2
oslos	2
pharma	2
ferslev	2
komplementarselskabet	2
malou	2
skeel	2
boger	2
montana	2
staldesign	2
car	2
skalform	2
golf	2
jobcenter	2
nordsoen	2
oceanarium	2
wiborg	2
fjord	2
line	2
skiold	2
pandekagehjornet	2
painter	2
master	2
masters	2
rytter	2
krogh	2
lilleheden	2
boldklub	2
fodbold	2
elservice	2
ungdommens	2
hesthaven	2
hjelm	2
fest	2
metal	2
peugeot	2
blabjerg	2
schou	2
physiotherapy	2
harklipsen	2
kec	2
storvorde	2
plejecenter	2
familielaegerne	2
landbrug	2
gaerumvejens	2
musikskolen	2
undervognstunellen	2
mogelmose	2
radgivende	2
ingeniorer	2
ingenior	2
bilglas	2
ice	2
cream	2
orkideen	2
khs	2
huse	2
blokhus	2
pil	2
vinther	2
undervognscenter	2
indre	2
mission	2
koreskole	2
kloak	2
trading	2
ftz	2
autodele	2
management	2
rosengarden	2
ejendomsmaeglerfirmaet	2
hanne	2
registreret	2
buddy	2
holly	2
villy	2
bruun	2
noa	2
engvej	2
ecowood	2
carl	2
badehotel	2
danfoil	2
damgaard	2
autohuset	2
farten	2
wiffertsholm	2
gods	2
outrup	2
vinduer	2
lumi	2
vordingborg	2
kokkenet	2
tip	2
top	2
isenkram	2
land	2
volleyball	2
laessoe	2
hik	2
bowling	2
elsager	2
bogforingsservice	2
proputec	2
dahl	2
nicks	2
faelleslejligheden	2
bostedet	2
algade	2
jesper	2
kristiansen	2
regnskabskontor	2
olearys	2
gronlands	2
havblik	2
pynten	2
hojriis	2
agger	2
stadion	2
viborgvej	2
flikflak	2
pebi	2
fynbo	2
eskaer	2
hovedgaard	2
betraengte	2
karby	2
hvidbjergredsted	2
hvidbjergredst	2
randers	2
vlene	2
vanja	2
blaere	2
hallernes	2
hallerne	2
blomstermarken	2
tandklinik	2
osterbakken	2
skakklub	2
agersted	2
glashuset	2
structural	2
bull	2
equipment	2
vhelle	2
gwps	2
diving	2
dive	2
hollywood	2
cakontorservice	2
helene	2
helens	2
vandhuset	2
hydrema	2
skorping	2
drengshoj	2
fritidsklub	2
kjaersgaard	2
kaerager	2
anlaeg	2
kios	2
bakpoulsen	2
dintandlaege	2
claudius	2
foam	2
markedsforingsgruppe	2
lyngsaa	2
rakkeby	2
loop	2
posthus	2
kantineforening	2
bislev	2
medier	2
banedanmark	2
fyrklit	2
kursuscenter	2
ferie	2
bojlunds	2
dan	2
dans	2
kok	2
cafeteria	2
jorns	2
busrejser	2
toldboden	2
psykologisk	2
radgivningsklinik	2
mariachi	2
blaeksprutten	2
gamelaunch	2
nina	2
obling	2
ballesgaard	2
kvadderkjaer	2
agro	2
vandetskinnerup	2
kfuk	2
kfuks	2
strandgaardshotelejerlejligheder	2
ungdomsskolen	2
likvidation	2
borglum	2
mejeri	2
hojbjergvej	2
lundo	2
sparekasse	2
thymors	2
hvilsom	2
hiway	2
digitale	2
servicepartner	2
byggekommunikation	2
konnerup	2
malerfirma	2
kristi	2
idraetsklub	2
handboldafdeling	2
centre	2
bendixen	2
gemidan	2
eskildsen	2
norregaarden	2
ejendomskontor	2
lyngsoe	2
gistrup	2
entreprenorfirmaet	2
hildigur	2
venstre	2
hou	2
hillerslev	2
maskinteknik	2
bunch	2
landinspektor	2
plaenesevice	2
ejgils	2
elteknik	2
arkitektgruppen	2
nordbyg	2
iversen	2
korup	2
basketball	2
fiskeauktion	2
strandby	2
hejslet	2
grandt	2
buckwitz	2
leos	2
hasse	2
hassing	2
elektromarine	2
mollevej	2
futten	2
varme	2
bistro	2
korsgaard	2
skellet	2
lauritsen	2
raevhede	2
bureau	2
birgit	2
lammers	2
miljoanlaeg	2
trynbakke	2
skottcom	2
fabricius	2
brombaerhaven	2
friskole	2
funcenter	2
erhvervsgenbrugsplads	2
laegeklinikken	2
kirkeplads	2
daglibrugsen	2
hundborg	2
formuepleje	2
plesner	2
variant	2
vinterhaver	2
murer	2
malerfirmaet	2
malermester	2
jorg	2
migatronic	2
automation	2
lambertsen	2
vjorn	2
copenhagen	2
zaks	2
nors	2
sfo	2
ejendomsservice	2
stokholm	2
papegojehaven	2
agri	2
bogh	2
kantinen	2
nordvestjysk	2
klitten	2
bangsbo	2
region	2
boiler	2
envikraft	2
hairstyle	2
vita	2
urteliv	2
retail	2
orkide	2
neglesalon	2
krop	2
enggaard	2
byggefirma	2
maskinudlejning	2
web	2
adwords	2
casa	2
vesterskov	2
kobmand	2
vbrian	2
berit	2
norsk	2
grillen	2
petersen	2
petersens	2
georg	2
damask	2
bofhus	2
limfjord	2
malerservice	2
vanders	2
aegidiussen	2
vesterkaer	2
horecenter	2
chiffon	2
syvende	2
himmel	2
fleur	2
bodywear	2
ameta	2
guldsmed	2
zjoos	2
kochs	2
kaffebar	2
vhenrik	2
natalie	2
natalies	2
danebo	2
steffensen	2
realkredit	2
sognets	2
dagligstue	2
glavind	2
downstairs	2
benefit	2
training	2
tylstrup	2
vaerksted	2
kniv	2
gaffel	2
vht	2
event	2
rappresor	2
skinnerup	2
klitgaard	2
aabo	2
plaza	2
vjonas	2
bisp	2
sandrew	2
metronome	2
chokolade	2
louis	2
lampe	2
lamp	2
online	2
solsidens	2
nykredit	2
sunset	2
baresso	2
coffee	2
frellsen	2
lorenzen	2
tric	2
takeaway	2
team	2
historiske	2
sundhedscenter	2
london	2
jomfru	2
black	2
briller	2
barnet	2
clubtan	2
vina	2
kopi	2
systue	2
cosmetics	2
mikkelsen	2
sondergade	2
sondergades	2
fysio	2
jarsbo	2
contemporary	2
annedorte	2
tandhuset	2
linsano	2
anna	2
jernbanegade	2
f24	2
stiftsovrighed	2
musikalsk	2
musikalske	2
klosterjordets	2
polsebod	2
toftild	2
alternativt	2
har	2
lassen	2
sweet	2
massage	2
diskotek	2
grace	2
wine	2
secher	2
samsoe	2
svendsen	2
mortensen	2
hifi	2
psykoterapeut	2
mpf	2
kristine	2
saras	2
sara	2
vandet	2
vestera	2
sushimania	2
mumbai	2
pia	2
beauty	2
mona	2
kulturelt	2
samrad	2
byoung	2
vdorte	2
ravlo	2
jewellery	2
palaeo	2
svendsgade	2
karreen	2
caboon	2
shop	2
ristorante	2
unox	2
lynge	2
vtrac	2
hien	2
frivillik	2
glitter	2
boutique	2
plads	2
vtorben	2
arne	2
arnes	2
bagsvaerdlund	2
fiskerestaurant	2
euro	2
rejsebureau	2
fodog	2
hudplejeklinik	2
aurem	2
australian	2
borger	2
kais	2
kai	2
ejerlejlighedsforeningen	2
orla	2
tomrermester	2
olufsen	2
butikken	2
kennedy	2
andelskassen	2
man	2
mans	2
job	2
zizzi	2
dls	2
vanne	2
karsten	2
ghandforoush	2
mohammad	2
ungbo	2
dalsgaard	2
thor	2
baech	2
teater	2
sprogskolen	2
tingstrupvej	2
garage	2
aktieselskabet	2
advokaterne	2
amtmandstoften	2
ojenlaege	2
carlsen	2
morch	2
victor	2
barbecue	2
medex	2
institutet	2
green	2
greens	2
tomrer	2
holm	2
anita	2
brlegetoj	2
karen	2
bindslev	2
anette	2
gaardmad	2
tiffany	2
sason	2
decker	2
bodymandk	2
hudpleje	2
sko	2
kongensgade	2
nyt	2
syn	2
kirkekontor	2
buffalo	2
saxen	2
miavejrumdk	2
laesehesten	2
johnny	2
europark	2
pplads	2
as3	2
public	2
chr	2
dental	2
palle	2
realmaeglerne	2
firenze	2
lundby	2
margrethe	2
aalbaek	2
claus	2
maskinservice	2
gard	2
n+p	2
arkitektur	2
revisor	2
sognegaard	2
asian	2
minimarket	2
min	2
edam	2
kraeftens	2
bekaempelse	2
hjortlund	2
klara	2
vanggard	2
pingvin	2
amby	2
asger	2
bygge	2
terrassen	2
negle	2
vest	2
vests	2
web+kommunikation	2
turistforening	2
erhvervspark	2
kommunikation	2
henry	2
jonna	2
lone	2
kristina	2
martens	2
vision	2
mogens	2
kirkeby	2
cand	2
psych	2
phairfect	2
myrhoj	2
mamamia	2
pizzalagos	2
horeklinik	2
administration	2
vendia	2
savannah	2
vleila	2
standard	2
liv	2
apcoa	2
sonder	2
tranders	2
vej	2
keller	2
obels	2
polseboden	2
grafiske	2
uno	2
elmeros	2
henning	2
boligselskabet	2
petit	2
fru	2
sea	2
farstrups	2
farstrup	2
dress	2
ozon	2
jepsen	2
forvaltning	2
dahlgaard	2
oddersbol	2
kaj	2
mandoe	2
iii	2
kurt	2
statsautoriseret	2
seritronic	2
grus	2
teknisk	2
tekniske	2
dsv	2
brygge	2
baek	2
baeks	2
sillerslev	2
hedegardsskolen	2
hedegardsskolens	2
toft	2
directit	2
vvs	2
novasol	2
josefsen	2
norgaard	2
soes	2
soe	2
dsveistrup	2
gave	2
fotoaalborgdk	2
grethe	2
uddybningsservice	2
danalex	2
king	2
pti	2
hornsleth	2
tbords	2
kastet	2
bertelsen	2
zoom	2
tonnisen	2
produkter	2
chicago	2
roasthouse	2
brammer	2
vestskoven	1
elsagervej	1
graviditet	1
pregnancy	1
square	1
faelleslegat	1
vaerdige	1
traengende	1
trolles	1
hif	1
sushisushi	1
gert	1
godthaab	1
zoo	1
entreprenoren	1
engholt	1
danland	1
mail	1
torvetsmykkerdktorvets	1
vejgaardhallen	1
bibliotek	1
voersaa	1
cepelo	1
oknygaard	1
dannesboe	1
west	1
westpoint	1
lakering	1
sanistal	1
hcn	1
aeldreboligselskab	1
kirkechurch	1
blue	1
cross	1
recycling	1
furniture	1
lilleore	1
vadsholt	1
ferslevskorping	1
new	1
waves	1
action	1
brothers	1
concept	1
vmichael	1
flyt	1
selv	1
wash	1
modern	1
castings	1
handelsstandsforening	1
fox	1
deluxe	1
e1logistics	1
radgivningscentret	1
juhl	1
juel	1
ejendomsfonden	1
cargo	1
malermestrene	1
ankestyrelsen	1
enhengineering	1
phradgivning	1
ridecenter	1
tandlaegeselskab	1
uddannelsesvejledning	1
polen	1
olsen	1
mjespersen	1
ronheden	1
gartnerbo	1
yvonne	1
container	1
vjimmy	1
dyscon	1
familiecenter	1
association	1
vrita	1
brugmann	1
rose	1
holistic	1
vhanne	1
munk	1
fotograferne	1
shankou	1
running	1
kou	1
logistik	1
port	1
opl	1
kaervej	1
baadsgaard	1
faellesinvest	1
casitalia	1
mallin	1
billedbutikken	1
nicolai	1
metner	1
real	1
estate	1
valsgard	1
valsgaard	1
bog	1
ide	1
phj	1
biludlejning	1
dinitrol	1
missionshus	1
lennart	1
alment	1
praktiserende	1
beton	1
nca	1
vinduespolering	1
skoda	1
autocentralen	1
kuben	1
sorte	1
diamant	1
maeglerringen	1
izbushaka	1
solnaes	1
brasen	1
revisionsanpartsselskab	1
markman	1
rekruttering	1
genplacering	1
vaekstinvest	1
capsicumdanmark	1
xcite	1
trillingsgaard	1
windows	1
doors	1
midtjysk	1
marius	1
landinspektorfirma	1
skel	1
vkh	1
vanna	1
grillhuset	1
stromforsyning	1
vanette	1
loberen	1
construction	1
kjaergaard	1
thomas	1
schultz	1
sindholtparken	1
pejsebutik	1
hougaard	1
pejsecenter	1
stempelafgift	1
forsikringcenter	1
forsikringscenter	1
sundhedscentrets	1
horlyck	1
vandrerhjem	1
eriksen	1
bygaden	1
karlsminde	1
skov	1
havebrugsmaskiner	1
forest	1
garden	1
cool	1
steptech	1
kransystem	1
acob	1
kraes	1
gwp	1
pro	1
lindorff	1
rossonero	1
vcathrine	1
skorstensgaard	1
autovaerksted	1
flensted	1
erhvervsinvest	1
norden	1
hospital	1
ejendomsmaeglerfa	1
vpreben	1
femhoje	1
radhus	1
vafler	1
velvir	1
custovic	1
automatic	1
maskinfabrikken	1
foka	1
sixhoj	1
visevaertshuset	1
engtoften	1
donalds	1
familierestaurant	1
kianzahraei	1
fredsgaard	1
reparation	1
sekretariat	1
handicaprad	1
hsn	1
vejen	1
montage	1
nille	1
hastrup	1
stoy	1
brasserie	1
stal	1
legatregistret	1
instit	1
valhal	1
basilic	1
vjudith	1
bjerring	1
wagner	1
centerforeningen	1
fresh	1
gaardbo	1
gylling	1
kunstforening	1
musikforening	1
empatico	1
vbirgitte	1
holiday	1
vgitte	1
gartnerhaven	1
handvaerkerbutik	1
vkurthildigurnielsen	1
mogelhoj	1
skovgaarden	1
polarkiosken	1
tannishus	1
vlars	1
vsven	1
lundgren	1
pallesen	1
powerby	1
resource	1
sifs	1
tornhojvej	1
ab5	1
soegaard	1
ssbh	1
lugau	1
elhandel	1
schelle	1
baun	1
mango	1
sjaellandsgade	1
korslund	1
kobstadsjubilaeum	1
flisebelaegning	1
pen	1
fsc	1
idraetscenter	1
forsyning	1
molhojlandbrug	1
langesgade	1
udestuer	1
studsgaard	1
skomadsen	1
cominvest	1
sigrid	1
boligmontagelandbrug	1
soborg	1
hansson	1
metalstoberi	1
mcs	1
norregaardsvaenget	1
laengen	1
driftsselskabet	1
mivmediadk	1
vitskolklostervej	1
kenneth	1
itetradesmen	1
nhs	1
lido	1
viking	1
norway	1
epartner	1
april	1
grotrian	1
handelsgymnasium	1
energytech	1
genbrugspladsen	1
genbrugsplads	1
visborggaard	1
schougaard	1
onsild	1
gardbutik	1
graverkontor	1
kirkegard	1
cebo	1
ingeniorfirmaet	1
folkets	1
windpower	1
windmill	1
communication	1
vkjeld	1
uggerly	1
installation	1
pipes	1
sanitary	1
hverdagsrehabiliteringsteam	1
kontorforsyning	1
jkm	1
movelife	1
miss	1
selfrudge	1
teglgardenmagelyst	1
metropol	1
import	1
aalborgbikezone	1
herreafdeling	1
frost	1
kantine	1
kvg	1
balance	1
golocal	1
gamestop	1
uniinvest	1
regnon	1
danny	1
heinricht	1
kunstlade	1
parkeringshuset	1
godsbanearealet	1
skullcandy	1
schnedler	1
style4you	1
colding	1
boyes	1
konsulenttjeneste	1
affaldshandtering	1
dsc	1
digistudietis	1
glerup	1
reservedelssalg	1
homestart	1
familiekontakt	1
foged	1
overgard	1
orkesterforeningen	1
bigbanden	1
gospelkor	1
spirits	1
joy	1
fritznikocom	1
timm	1
byshopping	1
bymedia	1
seo	1
birk	1
coba	1
ovne	1
espana	1
asylcentret	1
damborg	1
ivan	1
frisdal	1
crossoverglobalevent	1
vclaus	1
audux	1
stenbjerg	1
advodan	1
reberbansgde	1
molgaard	1
kamilla	1
christiansen	1
blicher	1
gbj	1
konsulent	1
virksomhed	1
rune	1
staal	1
nordjydsk	1
dykkerservice	1
hyldig	1
poppel	1
rimsmeden	1
porse	1
stalmontage	1
benjamin	1
hentze	1
mosberg	1
christophersen	1
soparken	1
rene	1
luneborg	1
gregersen	1
kgl	1
konsulat	1
skibsproviantering	1
skaldyrsfestival	1
visitmors	1
turistbureau	1
sondersighuset	1
local	1
carpenter	1
faerge	1
domina	1
vken	1
iweis	1
loft	1
loftet	1
radisson	1
blu	1
dsi	1
langager	1
kollegiet	1
juridisk	1
analyse	1
unikstyle	1
projektudvikling	1
bed	1
breakfast	1
hardesign	1
mind	1
body	1
stanie	1
spalding	1
asylgade	1
korsgaardsoenderby	1
nissen	1
sohn	1
telepas	1
adelsparre	1
oasen	1
baastrup	1
roofconbechjensen	1
tag	1
blomsterhandvaerker	1
parkeringspladser	1
vingaardshus	1
veslos	1
fjernvarmevaerk	1
kent	1
torvestraede	1
agades	1
passage	1
gihalsdk	1
ncc	1
roads	1
omradekontor	1
brod	1
lykkegaard	1
havs	1
orskov	1
yard	1
malerforretning	1
roberto	1
place	1
kunstguiden	1
klc	1
vclaudialivia	1
kirila	1
bloch	1
frikirke	1
appliances	1
pengejagtendk	1
fdn	1
wiking	1
solar	1
passivhus	1
nysehl	1
chb	1
inside	1
skala	1
haumann	1
fastrup	1
bridgeklub	1
bastrups	1
femme	1
printerpatronerdk	1
complete	1
karate	1
tulipanen	1
tool	1
synshaltk	1
lokeshoj	1
meeting	1
room	1
perlestrik	1
phuket	1
micheals	1
cykelgarden	1
mosquito	1
cykelcenter	1
mbt	1
lyset	1
vinterberg	1
hairdresser	1
hjaelper	1
talknuseren	1
hestetransport	1
vove	1
osterild	1
ungdomsklub	1
vandrehjem	1
vkenneth	1
hjermitslev	1
handkobsudsalg	1
buje	1
garageporte	1
skonhedsprikken	1
htdinformation	1
water	1
skin	1
hartotten	1
nextgen	1
stromfeldt	1
eduardsen	1
hollins	1
mimosa	1
sgifbadminton	1
distribution	1
print2ramadk	1
everything	1
billboards	1
print	1
exhibition	1
dkno	1
dyrberg	1
vin	1
tobak	1
hokei	1
fosdal	1
skovpleje	1
menuendk	1
majbritt	1
veronica	1
konsulenthuset	1
ballisager	1
radikal	1
ungdom	1
vorupor	1
pollys	1
dejavu	1
carlos	1
vinduespudsning	1
autoglas	1
supply	1
acceleration	1
pamia	1
skraedderi	1
brian	1
romeriet	1
kalhoj	1
detail	1
borge	1
sneumsvejs	1
afvandingslaug	1
thorkild	1
siamtaveechok	1
tegn	1
kiosk	1
spillehal	1
xbo	1
music	1
ejstrud	1
kurer	1
metodistkirken	1
bylov	1
advokatfirma	1
ulla	1
terkelsen	1
latina	1
plejeservice	1
arkitektkontor	1
vcarsten	1
dyreborg	1
winnie	1
musikbar	1
parken	1
boligbyg	1
women	1
duus	1
vinkjaelder	1
white	1
nails	1
spa	1
sprogskoler	1
spoteksperten	1
aktive	1
kvinder	1
volstrupsaeby	1
kontaktlinser	1
wilmas	1
lin	1
rawbeauty	1
andos	1
als	1
freelancejournalist	1
kommunikationsradgiver	1
kappelborg	1
angelburger	1
strasse	1
flensborg	1
fotografen	1
slagter	1
brillehuset	1
vole	1
bunk	1
susan	1
orlowitz	1
vthanh	1
van	1
estee	1
lauder	1
rorteknik	1
billedindramning	1
svend	1
ravn	1
build	1
dragehaven	1
skagensvej	1
kiropraktorerne	1
era	1
erhvervspaedagogisk	1
cittaslow	1
mariager	1
lisanett	1
codan	1
novi	1
innovation	1
fasttrack	1
software	1
gagaden	1
mandal	1
fontaenen	1
blomsterpigen	1
karre	1
kristoffersen	1
chic	1
citivo	1
coolrunner	1
vejlo	1
lilly	1
brudekjoler	1
athene	1
schak	1
ojenlaegerne	1
kamile	1
autoriseret	1
krzton	1
sorggruppe	1
degn	1
api	1
marine	1
milieubelysning	1
pusterummet	1
lab	1
docker	1
inc	1
stenbroen	1
aspevej	1
nationalpark	1
marathon	1
bornelaegeklinikken	1
elise	1
snitker	1
parasollen	1
bier	1
havnlystbadehavn	1
kystens	1
perle	1
vaneta	1
bajerduraj	1
pizzabar	1
fmg	1
vper	1
wistisen	1
gap	1
copacabana	1
sandkvist	1
humorkassendk	1
hennes	1
mauritz	1
vuc	1
catering	1
bispensgade	1
rogeri	1
vaerkstedet	1
vfrits	1
evald	1
bybronden	1
denckerdeluxedk	1
spejder	1
harnalen	1
svineavlerlandmand	1
studenterhuset	1
athena	1
ananya	1
goodiepack	1
paloma	1
chris	1
spero	1
mathiassen	1
move	1
dansestudie	1
skovly	1
guldsmeden	1
guldgarde	1
anine	1
blomsterpaletten	1
skaarup	1
bibliotekerne	1
ejendom	1
lisa	1
jbr	1
sandman	1
muhligs	1
securitas	1
trae	1
glasfag	1
stuer	1
jakob	1
stig	1
madelines	1
resturent	1
baren	1
eye	1
safe	1
vhenning	1
mellerup	1
kirkekasse	1
rikki	1
tikki	1
familia	1
firenzetoscana	1
helbo	1
connect	1
cricket	1
angioni	1
pragmatics	1
towel4you	1
cat	1
ink	1
polsekongen	1
thomasminde	1
osterport	1
vpatricia	1
stiftstidende	1
afviklingsselskabet	1
dlfa	1
fdb	1
fiehn	1
bornehuset	1
kaleb	1
ejerlauget	1
fjorden	1
apoteket	1
perhenrik	1
lair	1
neurpsykologisk	1
aavangs	1
fiskehus	1
tern	1
turistservice	1
birgitte	1
kamii	1
walker	1
socialistisk	1
folkeparti	1
krogen	1
nico	1
janus	1
bechmann	1
stationsvej	1
bies	1
sisters	1
arentsen	1
click	1
norgard	1
jonas	1
landbruget	1
skovbovej	1
foto	1
conz	1
jobguiderne	1
vesterbrogade	1
giessing	1
papirhuset	1
fandango	1
gron	1
gule	1
pakhus	1
follingsparken	1
hagerup	1
fogh	1
richardtsen	1
ninna	1
rdirektor	1
paedagog	1
vnasser	1
hassan	1
haoui	1
camago	1
film	1
basilia	1
zurf	1
dorte	1
normanns	1
circle	1
games	1
delicious	1
factory	1
acoustics	1
meling	1
haandvaerkerforening	1
museet	1
hanherred	1
sydbank	1
caspars	1
ureoptik	1
kromarken	1
dyrebutikken	1
blikfeldt	1
arbejdsmarkedets	1
tillaegspension	1
qpark	1
jon	1
vadum	1
maggis	1
negledesign	1
vmargaretha	1
preusler	1
katrine	1
beslagfabrik	1
frirummet	1
fish	1
a031	1
provsti	1
gaerum	1
aeldreklub	1
glinvad	1
parfumeri	1
vbente	1
krigslund	1
fredag	1
vpia	1
friluftsland	1
james	1
maresco	1
albatros	1
beesmart	1
kokken	1
aktivhuset	1
bellevue	1
entertainment	1
national	1
office	1
autocenter	1
tweenstardk	1
esportnord	1
jytte	1
berg	1
asim	1
herrefrisor	1
rubjergmarupskallerupvennebjerg	1
maja	1
zoneterapi	1
bogby	1
laseteknik	1
rytmiske	1
thygesen	1
san	1
giovanni	1
vbirgit	1
keth	1
odd	1
fellow	1
hvile	1
cite	1
agrob	1
buchtal	1
servicecenter	1
henriette	1
sovind	1
marguerite	1
aktivpersonale	1
stengade	1
ptp	1
vsteen	1
haeveautomat	1
parabolservice	1
forhandler	1
canal	1
digital	1
boxer	1
viasat	1
panasonic	1
sortbillet	1
stoppested	1
nmsnautisk	1
udstyr	1
bilsyn	1
plus	1
svendstrup	1
fleinvest	1
vleo	1
falk	1
cykel	1
knallertcenter	1
cafefristedet	1
artbreak	1
foa	1
frokostennu	1
proces	1
dinoptik	1
message	1
carinaf	1
falberg	1
stranden	1
sticchis	1
pulterkammeret	1
vkim	1
radiotv	1
diamanten	1
caf	1
extrem	1
snedkermester	1
ostervra	1
udegruppe	1
hjemmeplejegruppe	1
mode	1
februar	1
torvebaren	1
fisk	1
isstadion	1
uggerhoj	1
frisorsalon	1
ram	1
bytygi	1
mintandtekniker	1
netto	1
koreklar	1
traumer	1
law	1
firm	1
varehus	1
lysdahl	1
bartholomaeussen	1
fotex	1
industriforening	1
maeglerfirmaet	1
vmorten	1
lions	1
persson	1
life	1
cycle	1
cph	1
jyskkontorkoncept	1
velsebeth	1
strom	1
kebabistan	1
barbeque	1
kontiki	1
volleyballklubben	1
vk74	1
gronaerteby	1
fritidsskole	1
liljas	1
ostjysk	1
mineralvand	1
chicken	1
punar	1
domkirke	1
comentor	1
part	1
result	1
sound	1
vandreas	1
lawaetz	1
slr	1
rosenborg	1
lundberg	1
frh	1
neuropsykologisk	1
kiki	1
vestkajens	1
maskinvaerksted	1
nikocevic	1
eldin	1
centralkiosken	1
beautycos	1
sosterloge	1
bien	1
visitaalborg	1
aftenskolen	1
vor	1
frue	1
socialisternestorv	1
years	1
provstiudvalg	1
vermehren	1
bette	1
laguna	1
ouerostrup	1
badmintonklub	1
fjordloberne	1
overkirurg	1
geert	1
espersen	1
hustrus	1
legat	1
ching	1
shang	1
missionary	1
band	1
hassinghuset	1
commerce	1
gruppeliv	1
noah	1
vjeanette	1
bennedsgaard	1
topa	1
outfare	1
frederiks	1
tordenskjoldsgade	1
laererforening	1
dlf	1
kreds	1
language	1
schools	1
steensbo	1
slight	1
nymark	1
tandlaegeselskabet	1
staehr	1
virak	1
fdm	1
travel	1
orangeriet	1
osteragade	1
fysiurgisk	1
massor	1
rukjaer	1
smykkegarden	1
nam	1
dining	1
drinks	1
rodbeden	1
andre	1
rodder	1
mose	1
open	1
experience	1
gronvald	1
overvad	1
laeso	1
tomrerforretning	1
giraffen	1
ftns	1
iflok	1
konzept	1
lindebjerg	1
astro	1
sondos	1
dca	1
marsvins	1
vinhus	1
ellen	1
innomax	1
kfumspejderne	1
bovendia	1
happie	1
kommariet	1
hjorringaps	1
brokiosken	1
annette	1
wibaek	1
fede	1
aelling	1
magistrenes	1
arbejdsloshedskasse	1
medicqa	1
fyr	1
columbus	1
slagtermester	1
nettoimportdk	1
staff	1
bolcheriet	1
aerial	1
vkm	1
ipizza	1
beleza	1
alderdomshjemmets	1
babas	1
hjornet	1
ortoft	1
lejligheder	1
worsoeecom	1
mint	1
hillers	1
vogt	1
burgerbar	1
vestbyens	1
cykelhandel	1
advokatkurser	1
fortuna	1
kunststofkemi	1
skandinavia	1
falck	1
ambulance	1
roune	1
dyrehospitalet	1
knox	1
mai	1
malta	1
magic	1
mirror	1
urmager	1
autoopretning	1
psykologradgivningen	1
lise	1
gullestrup	1
jacek	1
nowakowski	1
capelli	1
arbejdspsykologdk	1
vmilo	1
leig	1
doctors	1
menighedsbornehaven	1
egede	1
horsemen	1
china	1
kidstop	1
vognhjulet	1
nordvirk	1
bodil	1
chalmer	1
frede	1
trine	1
sagen	1
lokalbestyrelse	1
tojmand	1
gardejerudlejer	1
handicapafdelingen	1
shi	1
kon	1
kampkunst	1
ophthalmologist	1
kalstrup	1
christianshus	1
kulturstationen	1
klippoteket	1
hjemmeservice	1
dapo	1
ganer	1
robenhagen	1
paint	1
smertefri	1
sinnes	1
huameng	1
peace	1
tralej	1
espresso	1
tjornevej	1
jomfruen	1
hudplejen	1
peterhalskovcom	1
rohde	1
tasty	1
normal	1
verdenstapas	1
selskabsmenuer	1
rebild	1
arkitekterne	1
tolstrup	1
frydenstrand	1
erhvervsbeklaedning	1
billys	1
vaertshus	1
pressemeddelelser	1
karlsen	1
advokatforening	1
kloverblad	1
jeff	1
baadsmand	1
garn	1
djengis	1
khan	1
mongolian	1
mac	1
color	1
perception	1
lounge	1
bodega	1
tempo	1
kjmbyg	1
vognmandsforretning	1
nvs	1
sortering	1
north	1
ryesgade	1
malue	1
claudi	1
guldhammer	1
allan	1
derry	1
jyden	1
workwear	1
hobrovejens	1
summerbird	1
chocolaterie	1
noget	1
med	1
erfagruppen	1
vedr	1
offentlig	1
gramstrup	1
bachcar	1
south	1
villa	1
villaen	1
bakken	1
olivia	1
oliver	1
vvibeke	1
lie	1
dancenter	1
albaek	1
bogforing	1
voksenskolen	1
undervisning	1
salatin	1
kilic	1
godthab	1
victoryisland	1
guldregn	1
naerbutikken	1
bangsbostrand	1
sandwichpaneldk	1
topholt	1
jack	1
jones	1
seeds	1
unicon	1
handkobsudsalget	1
klitmoller	1
tojcontainer	1
knauf	1
lacarriere	1
enterprises	1
thorsen	1
advonord	1
zachariassen	1
pappas	1
beckers	1
farvecenter	1
scandic	1
reef	1
resort	1
psykiatri	1
sportmaster	1
lige	1
efter	1
bogen	1
stjerne	1
filial	1
hestehauge	1
nils	1
riisberg	1
poolhall	1
mdl	1
regnskabsservice	1
vmajbritt	1
dybdahl	1
flammen	1
screenline	1
nordic	1
bavnshoj	1
bergman	1
smit	1
citycenter	1
klaus	1
feen	1
steentoft	1
develop	1
nettotand	1
vtanja	1
hughes	1
guldhornene	1
blomstertorv	1
klaestrupgaard	1
nodskov	1
drazen	1
beslic	1
braendstrup	1
station	1
monkey	1
caroline	1
emil	1
alps	1
soberg	1
okologi	1
folkekirkens	1
nodhjaelps	1
take	1
away	1
tan	1
hung	1
penny	1
lane	1
brotorvet	1
banasik	1
airport	1
svaevethy	1
viet	1
lysmesteren	1
christine	1
ronnest	1
karstensens	1
costa	1
simonis	1
frimaerkehandel	1
hair	1
ejlerskov	1
forbrugerradet	1
taenk	1
gaeldsradgivning	1
bjarkam	1
fredagsbaren	1
porthusgade	1
misbrugsbehandling	1
hyltoft	1
opdraet	1
husdyr	1
vhans	1
anker	1
daneish	1
klaverstemmeren	1
time	1
trasher	1
oskars	1
engel	1
zwei	1
grosse	1
bierbars	1
diaetist	1
brocher	1
branddistrict	1
transfer	1
vjacob	1
heje	1
sygepleje	1
sofiendalsvej	1
sweco	1
pixel2	1
fuglsang	1
gusto	1
flying	1
tiger	1
bryggen	1
pelleklitgaard	1
ville	1
par	1
familieterapi	1
himmerlandsparken	1
vklaus	1
benediktson	1
tojhuset	1
toppen	1
baptistkirken	1
one	1
way	1
kersrengoringsservice	1
kajakklub	1
skriver	1
skilte	1
reklame	1
billig	1
pakkepost	1
vaestanhede	1
trafik	1
tampnet	1
kesses	1
exprestrykkeriet	1
lilian	1
agnete	1
giortz	1
spicy	1
hvidevareservice	1
topvirk	1
ryberg	1
fdf	1
jessen	1
vindmollelaug	1
allcon	1
entreprise	1
pension	1
livsforsikringsselskab	1
arkitektfirma	1
knudsen	1
couture	1
luxe	1
gagadeforeningen	1
slotsgade	1
bertoni	1
stenhoj	1
husene	1
livebussen	1
lufthavn	1
affairs	1
sky	1
listefabrikken	1
bygma	1
triconsult	1
okoplan	1
kebabhouse	1
euastrum	1
vkirsten	1
selchau	1
varmevaerk	1
katdoktor	1
guiti	1
arctic	1
education	1
network	1
toolmaker	1
gokart	1
rental	1
apotekersamlingen	1
nitschke	1
cirkus	1
sammenhold	1
tandlaegen	1
hojen	1
bonus	1
dusinus	1
lodderup	1
borgerforening	1
sightseeing	1
flyvelaege	1
cabinn	1
bakmikkelsen	1
kroppens	1
princip	1
lykkebo	1
trikotage	1
velling	1
mister	1
minute	1
yousee	1
stc	1
glaskunst	1
keld	1
aage	1
gourmand	1
paradis	1
interstep	1
webkjaerdk	1
ostera	1
hairlounge	1
cocio	1
hove	1
akts	1
thinggaards	1
laerke	1
grakildeparken	1
pack	1
frysekasser	1
kokkenogslagterendk	1
vfilip	1
siig	1
klim	1
vkokken	1
audionova	1
borstenbinder	1
apaq	1
statsaut	1
fodterapeut	1
stampe	1
sonner	1
hattel	1
birgers	1
piercing	1
ejerforening	1
camilla	1
esman	1
melon	1
hogh	1
interieur	1
hoghshoppen	1
lan	1
ajstrup	1
richard	1
byrdal	1
hotelrestauration	1
mini	1
aismo	1
pusterrummet	1
angelo	1
log	1
henny	1
byskov	1
kasper	1
royberg	1
skousen	1
helse	1
klinisk	1
immunologi	1
aal	1
sloth	1
snedker	1
mechalan	1
watzerath	1
udsigten	1
shams	1
cykleklub	1
marketingchef	1
burgerroth	1
mollelaug	1
piloter	1
drastrup	1
beboerforening	1
jak	1
lyngby	1
nordisk	1
tidsskrift	1
kriminalvidenskab	1
www	1
bofaellesskab	1
norre	1
folkeuniversitet	1
jyllandsgade	1
brostrom	1
mim	1
plast	1
pmdk	1
kafe	1
merkur	1
andelskasse	1
paradise	1
girls	1
finnerup	1
kirurgi	1
stygge	1
personaleforeningen	1
borgmesterens	1
psykoterapeutisk	1
praxis	1
ecigaretter	1
patchwork	1
partrederiet	1
sea\	1
gourmet	1
rejer	1
ejendomsudlejer	1
centrumbiler	1
bulmar	1
alice	1
busch	1
tilstedvej	1
visby	1
panorama	1
classic	1
jutlandia	1
solsidecenter	1
gorm	1
bachsvej	1
rais	1
attika	1
feuer	1
bogholder	1
betina	1
roset	1
dalgard	1
dennis	1
kvix	1
leicht	1
riisgaardjensen	1
svenstrupgard	1
ulrik	1
gotterup	1
brams	1
rendbaek	1
sales	1
sodal	1
doggerbanke	1
gavekassen	1
borne	1
familieforvalt	1
gavekasse	1
bbeautiful	1
rotary	1
thogersen	1
maskiner	1
dall	1
ikkealmene	1
kronprinsen	1
byggefelt	1
tomrerog	1
snedkerforretning	1
lazzaweb	1
specialist	1
google	1
hjemmesider	1
safo	1
sundhedsklinik	1
bedsted	1
sydthy	1
mens	1
bronderslevhallens	1
hallen	1
dynamo	1
roed	1
radiopartner	1
mindelegat	1
maskinhandler	1
johannes	1
theodor	1
samt	1
datter	1
advokatpartnerselskabet	1
bjerre	1
outzing	1
emaljehuset	1
fjerrenseriet	1
curtains	1
pantebreve	1
hedegarden	1
penthouse	1
scooterland	1
scooter	1
life+design	1
dok	1
azzura	1
italiensk	1
madvaerksted	1
landsbypedelordningen	1
eliksir	1
parkering	1
rendsburggade	1
brewery	1
dafolo	1
dafolofonden	1
david	1
graae	1
noddelund	1
systuen	1
minh	1
chau	1
tech	1
vvstech	1
bendtsen	1
erling	1
hjorringvensyssel	1
ejerlejlforeningen	1
matr	1
centerforening	1
unlockingdk	1
jammerbugt	1
skovbaech	1
hojspaendingsvaerket	1
gerda	1
holmgard	1
navnso	1
revisionsaktieselskab	1
thea	1
frandsen	1
klinikken	1
schanne	1
hesselborg	1
strikkefeen	1
grandjean	1
torvesalonen	1
boghandel	1
boldt	1
negleklinik	1
sveistrup	1
osterbaek	1
thure	1
guldbageren	1
bageriet	1
hvac	1
plumbing	1
business	1
handest	1
troels	1
barkholt	1
tandlaegehuset	1
vmartin	1
bagger	1
saebyegnens	1
kirkehojskole	1
kragh	1
press	1
hjorne	1
graphic	1
corner	1
punkt1	1
silkeborg	1
torvecenter	1
holk	1
indgraveringsgaver	1
smykkebutik	1
krab	1
koed	1
hersom	1
klejtrup	1
bjerregrav	1
vkristian	1
hojsleth	1
technician	1
vinterbadeforening	1
bakery	1
doktor	1
mybakery	1
gartneri	1
wenche	1
kappel	1
vbjorn	1
rannestad	1
laegehuset	1
norager	1
aaquist	1
helgolandsgade	1
billeder	1
peder	1
barkes	1
hemdrup	1
froberg	1
fischer	1
udviklingsselskabet	1
viben	1
ore	1
naese	1
halsklinikken	1
flex	1
coil	1
evapco	1
forsikringsservice	1
saga	1
otiumgaarden	1
net2	1
boligtekstiler	1
sondertoftens	1
hak	1
stotteforening	1
slik	1
boligforeningen	1
vanggarden	1
godsbanen	1
normolle	1
ziska	1
loumardk	1
sebedeje	1
brixen	1
unik	1
vfinn	1
kjoller	1
skott	1
pieces	1
brinch	1
egelund	1
bounty	1
meldgaard	1
knudegarn	1
vl8	1
penthousehurup	1
faellesskuet	1
morsnordthy	1
arbejdernes	1
oplysningsforbund	1
aftenskole	1
phbdk	1
valdemar	1
gulsmedenesnetbutikdk	1
centret	1
folkebibliotek	1
wide	1
shoppingcenter	1
strandhuset	1
oke	1
mekaniker	1
dyreklinik	1
ernst	1
irish	1
kro\	1
visionaer	1
fremtid	1
sofie	1
hangover	1
bags	1
frivillig	1
registrering	1
afdelingen	1
post	1
ulsted	1
jansen	1
bonneland	1
agriteam	1
viborgaars	1
ejendomsmaeglerfirm	1
bjerregaard	1
holdingselskabet	1
haaning	1
techrepairdk	1
jezper	1
frit	1
forlag	1
pensum	1
himmelgron	1
juristeri	1
select	1
carglass	1
kirkens	1
korshaer	1
vsimon	1
josef	1
kazwah	1
familieplejen	1
kjellerupsgade	1
arkitektfirmaet	1
nextattoo	1
dannervig	1
frida	1
valentino	1
dartklub	1
zana	1
blichersgade	1
ellegaard	1
blimp	1
ejendomsudlejning	1
koloritten	1
hytte	1
mrpr	1
pallet	1
moerch	1
deviva	1
butler	1
drejerdiskodk	1
damekonfektion	1
vero	1
moda	1
monalisa	1
carsten	1
andreasen	1
erhvervsrad	1
madkontoret	1
vendelbogrillen	1
bailine	1
genefkegarden	1
ostjydsk	1
alexandraskolens	1
lygten	1
schmidt	1
shanghai	1
vnhung	1
cam	1
dao	1
homer	1
diva	1
klarup	1
rusk	1
honsestrik	1
vedith	1
vindelev	1
tilbud	1
shoppen	1
brydeklub	1
stilrendk	1
gerry	1
weber	1
handlende	1
gunnar	1
norregades	1
cykelforretning	1
coiffeur	1
lks	1
dwine	1
bmwfiat	1
otte	1
helmuth	1
musikhuset	1
morell	1
architecture	1
elika	1
installationsforretning	1
theresi	1
ronne	1
clockhuset	1
dommergaarden	1
somaerket	1
dybvad	1
cabaret	1
alfa	1
kiropraktor	1
dammhenrichsen	1
huuman	1
zoneterapeut	1
ydes	1
reoludlejning	1
kraemmermarked	1
moldrup	1
volverne	1
stora	1
enso	1
packaging	1
vegasnord	1
skiguard	1
lind	1
victoria	1
tusindfryd	1
sonhoj	1
ihforeningen	1
regionshospital	1
extern	1
romana	1
laederi	1
wok	1
limfjordsvaerftet	1
bageren	1
clothing	1
royal	1
vrene	1
gram	1
skjoldager	1
trimar	1
bosch	1
samsogade	1
paw	1
vvagn	1
birch	1
applaus	1
lumia	1
create	1
best	1
western	1
prinsen	1
kirkehoj	1
fladesundbyskallerup	1
fjordbakboldt	1
hovedkontoret	1
kimbrer	1
vvivi	1
gaardbye	1
goldfish	1
tada	1
ungdomshus	1
dinos	1
steakhouse	1
autocamper	1
dagelykke	1
erhvervsforening	1
murermester	1
bjornskov	1
reinvesta	1
skive	1
drunken	1
flamingo	1
casino	1
kcll	1
first	1
energiradgivning	1
tegtmeier	1
procesteknik	1
lokalforeningen	1
tove	1
nikolajsen	1
einar	1
nordbo	1
photographer	1
dybbro	1
photo	1
portrait	1
hjerterummet	1
indkildevej	1
ledelsesradgivning	1
vivendum	1
vikarelektrikerdk	1
reinert	1
second	1
hand	1
havnegade	1
annexz	1
holmgaard	1
hawboernes	1
havnebad	1
erhvervsradgivning	1
sonnichsen	1
georgsgilde	1
viborg	1
eurest	1
portland	1
compass	1
revisionspartnerselskab	1
trend	1
lundtoftmolge	1
colbo	1
sosuelever	1
bernth	1
